country_name,country_iso2,country_iso3,lat,long
Afghanistan,AF,AFG,33.93911,67.709953
Albania,AL,ALB,41.153332,20.168331
Algeria,DZ,DZA,28.033886,1.6596259999999998
Andorra,AD,AND,42.546245,1.6015540000000001
Angola,AO,AGO,-11.202691999999999,17.873887
Anguilla,AI,AIA,18.220554,-63.068615
Antigua and Barbuda,AG,ATG,17.060816,-61.796428000000006
Argentina,AR,ARG,-38.416097,-63.616671999999994
Armenia,AM,ARM,40.069099,45.038189
Aruba,AW,ABW,12.52111,-69.968338
Australia,AU,AUS,-25.274398,133.775136
Austria,AT,AUT,47.516231,14.550072
Azerbaijan,AZ,AZE,40.143105,47.576927000000005
Bahamas,BS,BHS,25.03428,-77.39628
Bahrain,BH,BHR,25.930414000000003,50.637772
Bangladesh,BD,BGD,23.684994,90.35633100000001
Barbados,BB,BRB,13.193887,-59.543198
Belarus,BY,BLR,53.709807,27.953389
Belgium,BE,BEL,50.503887,4.469936
Belize,BZ,BLZ,17.189877,-88.49765
Benin,BJ,BEN,9.30769,2.315834
Bermuda,BM,BMU,32.321384,-64.75737
Bhutan,BT,BTN,27.514162,90.433601
Bolivia,BO,BOL,-16.290154,-63.588653
Bonaire Sint Eustatius and Saba,BQ,BES,,
Bosnia and Herzegovina,BA,BIH,43.915886,17.679076000000002
Botswana,BW,BWA,-22.328474,24.684866
Brazil,BR,BRA,-14.235004,-51.92528
British Virgin Islands,VG,VGB,18.420695000000002,-64.63996800000001
Brunei,BN,BRN,4.535277,114.72766899999999
Bulgaria,BG,BGR,42.733883,25.48583
Burkina Faso,BF,BFA,12.238333,-1.561593
Burundi,BI,BDI,-3.3730559999999996,29.918885999999997
Cambodia,KH,KHM,12.565679,104.990963
Cameroon,CM,CMR,7.369722,12.354722
Canada,CA,CAN,56.130366,-106.34677099999999
Cape Verde,CV,CPV,16.002082,-24.013197
Cayman Islands,KY,CYM,19.513469,-80.566956
Central African Republic,CF,CAF,6.611111,20.939444
Chad,TD,TCD,15.454166,18.732207
Chile,CL,CHL,-35.675146999999996,-71.542969
China,CN,CHN,35.86166,104.195397
Colombia,CO,COL,4.570868,-74.297333
Comoros,KM,COM,-11.875001,43.872219
Congo,CG,COG,-0.228021,15.827658999999999
Costa Rica,CR,CRI,9.748917,-83.753428
Cote d'Ivoire,CI,CIV,7.539989,-5.54708
Croatia,HR,HRV,45.1,15.2
Cuba,CU,CUB,21.521757,-77.78116700000001
Curacao,CW,CUW,,
Cyprus,CY,CYP,35.126413,33.429859
Czech Republic,CZ,CZE,49.817492,15.472961999999999
Democratic Republic of Congo,CD,COD,-4.038333000000001,21.758664000000003
Denmark,DK,DNK,56.26392,9.501785
Djibouti,DJ,DJI,11.825138,42.590275
Dominica,DM,DMA,15.414999,-61.370976
Dominican Republic,DO,DOM,18.735692999999998,-70.162651
Ecuador,EC,ECU,-1.8312389999999998,-78.183406
Egypt,EG,EGY,26.820553000000004,30.802497999999996
El Salvador,SV,SLV,13.794185,-88.89653
Equatorial Guinea,GQ,GNQ,1.6508009999999997,10.267895
Eritrea,ER,ERI,15.179383999999999,39.782334000000006
Estonia,EE,EST,58.595271999999994,25.013607
Ethiopia,ET,ETH,9.145,40.489672999999996
Faeroe Islands,FO,FRO,61.892635,-6.9118059999999995
Falkland Islands,FK,FLK,-51.796253,-59.523613
Fiji,FJ,FJI,-16.578193,179.414413
Finland,FI,FIN,61.92411,25.748151
France,FR,FRA,46.227638,2.213749
French Polynesia,PF,PYF,-17.679742,-149.40684299999998
Gabon,GA,GAB,-0.803689,11.609444
Gambia,GM,GMB,13.443182,-15.310139000000001
Georgia,GE,GEO,42.315407,43.356891999999995
Germany,DE,DEU,51.165690999999995,10.451526
Ghana,GH,GHA,7.946527000000001,-1.0231940000000002
Gibraltar,GI,GIB,36.137741,-5.345374
Greece,GR,GRC,39.074208,21.824312
Greenland,GL,GRL,71.706936,-42.604303
Grenada,GD,GRD,12.262775999999999,-61.604170999999994
Guam,GU,GUM,13.444304,144.793731
Guatemala,GT,GTM,15.783470999999999,-90.23075899999999
Guernsey,GG,GGY,49.465691,-2.5852779999999997
Guinea,GN,GIN,9.945587,-9.696645
Guinea-Bissau,GW,GNB,11.803749,-15.180413
Guyana,GY,GUY,4.860416000000001,-58.93018000000001
Haiti,HT,HTI,18.971187,-72.28521500000001
Honduras,HN,HND,15.199998999999998,-86.241905
Hong Kong,HK,HKG,22.396428,114.10949699999999
Hungary,HU,HUN,47.162494,19.503304
Iceland,IS,ISL,64.96305100000001,-19.020835
India,IN,IND,20.593684,78.96288
Indonesia,ID,IDN,-0.789275,113.921327
International,,,,
Iran,IR,IRN,32.427908,53.68804599999999
Iraq,IQ,IRQ,33.223191,43.679291
Ireland,IE,IRL,53.41291,-8.243889999999999
Isle of Man,IM,IMN,54.236107,-4.548056
Israel,IL,ISR,31.046051000000002,34.851612
Italy,IT,ITA,41.87194,12.56738
Jamaica,JM,JAM,18.109581,-77.297508
Japan,JP,JPN,36.204824,138.252924
Jersey,JE,JEY,49.214439,-2.13125
Jordan,JO,JOR,30.585164000000002,36.238414
Kazakhstan,KZ,KAZ,48.019573,66.923684
Kenya,KE,KEN,-0.023559,37.906193
Kosovo,,OWID_KOS,,
Kuwait,KW,KWT,29.311659999999996,47.481766
Kyrgyzstan,KG,KGZ,41.20438,74.766098
Laos,LA,LAO,19.856270000000002,102.495496
Latvia,LV,LVA,56.879635,24.603189
Lebanon,LB,LBN,33.854721000000005,35.862285
Lesotho,LS,LSO,-29.609988,28.233608
Liberia,LR,LBR,6.4280550000000005,-9.429499
Libya,LY,LBY,26.3351,17.228331
Liechtenstein,LI,LIE,47.166000000000004,9.555373
Lithuania,LT,LTU,55.169438,23.881275
Luxembourg,LU,LUX,49.815273,6.129583
Macedonia,MK,MKD,41.608635,21.745275
Madagascar,MG,MDG,-18.766947000000002,46.869107
Malawi,MW,MWI,-13.254307999999998,34.301525
Malaysia,MY,MYS,4.210483999999999,101.97576600000001
Maldives,MV,MDV,3.202778,73.22068
Mali,ML,MLI,17.570692,-3.9961660000000006
Malta,MT,MLT,35.937496,14.375416
Mauritania,MR,MRT,21.00789,-10.940835
Mauritius,MU,MUS,-20.348404000000002,57.552152
Mexico,MX,MEX,23.634501,-102.552784
Moldova,MD,MDA,47.411631,28.369884999999996
Monaco,MC,MCO,43.750298,7.412841
Mongolia,MN,MNG,46.862496,103.84665600000001
Montenegro,ME,MNE,42.708678000000006,19.37439
Montserrat,MS,MSR,16.742498,-62.187366000000004
Morocco,MA,MAR,31.791702,-7.09262
Mozambique,MZ,MOZ,-18.665695,35.529562
Myanmar,MM,MMR,21.913965,95.956223
Namibia,,NAM,,
Nepal,NP,NPL,28.394857000000002,84.12400799999999
Netherlands,NL,NLD,52.132633,5.291266
New Caledonia,NC,NCL,-20.904304999999997,165.618042
New Zealand,NZ,NZL,-40.900557,174.88597099999998
Nicaragua,NI,NIC,12.865416,-85.207229
Niger,NE,NER,17.607789,8.081666
Nigeria,NG,NGA,9.081999,8.675277000000001
Northern Mariana Islands,MP,MNP,17.33083,145.38468999999998
Norway,NO,NOR,60.472024,8.468946
Oman,OM,OMN,21.512583,55.923255000000005
Pakistan,PK,PAK,30.375321000000003,69.345116
Palestine,PS,PSE,31.952162,35.233154
Panama,PA,PAN,8.537981,-80.782127
Papua New Guinea,PG,PNG,-6.314993,143.95555
Paraguay,PY,PRY,-23.442503,-58.44383199999999
Peru,PE,PER,-9.189967,-75.015152
Philippines,PH,PHL,12.879721,121.77401699999999
Poland,PL,POL,51.919438,19.145135999999997
Portugal,PT,PRT,39.399871999999995,-8.224454
Puerto Rico,PR,PRI,18.220833,-66.590149
Qatar,QA,QAT,25.354826,51.183884
Romania,RO,ROU,45.943160999999996,24.96676
Russia,RU,RUS,61.52401,105.31875600000001
Rwanda,RW,RWA,-1.940278,29.873888
Saint Kitts and Nevis,KN,KNA,17.357822,-62.782998
Saint Lucia,LC,LCA,13.909444,-60.97889300000001
Saint Vincent and the Grenadines,VC,VCT,12.984305,-61.287228000000006
San Marino,SM,SMR,43.94236,12.457777
Sao Tome and Principe,ST,STP,0.18636,6.613081
Saudi Arabia,SA,SAU,23.885942,45.079162
Senegal,SN,SEN,14.497401000000002,-14.452361999999999
Serbia,RS,SRB,44.016521000000004,21.005859
Seychelles,SC,SYC,-4.679574,55.491977
Sierra Leone,SL,SLE,8.460555000000001,-11.779889
Singapore,SG,SGP,1.352083,103.819836
Sint Maarten (Dutch part),SX,SXM,,
Slovakia,SK,SVK,48.669026,19.699023999999998
Slovenia,SI,SVN,46.151241,14.995463
Somalia,SO,SOM,5.152149,46.199616
South Africa,ZA,ZAF,-30.559482,22.937506
South Korea,KR,KOR,35.907757000000004,127.766922
South Sudan,SS,SSD,,
Spain,ES,ESP,40.463667,-3.7492199999999998
Sri Lanka,LK,LKA,7.873054,80.77179699999999
Sudan,SD,SDN,12.862807,30.217636
Suriname,SR,SUR,3.9193050000000005,-56.02778299999999
Swaziland,SZ,SWZ,-26.522503000000004,31.465866
Sweden,SE,SWE,60.128161,18.643501
Switzerland,CH,CHE,46.818188,8.227511999999999
Syria,SY,SYR,34.802075,38.996815000000005
Taiwan,TW,TWN,23.69781,120.96051499999999
Tajikistan,TJ,TJK,38.861034000000004,71.276093
Tanzania,TZ,TZA,-6.369028,34.888822
Thailand,TH,THA,15.870032,100.992541
Timor,TL,TLS,-8.874217,125.727539
Togo,TG,TGO,8.619543,0.824782
Trinidad and Tobago,TT,TTO,10.691803,-61.222503
Tunisia,TN,TUN,33.886917,9.537499
Turkey,TR,TUR,38.963745,35.243322
Turks and Caicos Islands,TC,TCA,21.694025,-71.797928
Uganda,UG,UGA,1.373333,32.290275
Ukraine,UA,UKR,48.379433,31.16558
United Arab Emirates,AE,ARE,23.424076,53.847818000000004
United Kingdom,GB,GBR,55.378051,-3.435973
United States,US,USA,37.09024,-95.712891
United States Virgin Islands,VI,VIR,18.335765,-64.896335
Uruguay,UY,URY,-32.522779,-55.765834999999996
Uzbekistan,UZ,UZB,41.377491,64.585262
Vatican,VA,VAT,41.902916,12.453389
Venezuela,VE,VEN,6.42375,-66.58973
Vietnam,VN,VNM,14.058323999999999,108.277199
Western Sahara,EH,ESH,24.215526999999998,-12.885834
World,,OWID_WRL,,
Yemen,YE,YEM,15.552726999999999,48.516388
Zambia,ZM,ZMB,-13.133897,27.849332
Zimbabwe,ZW,ZWE,-19.015438,29.154857
